Year,Geo Level,State,State ANSI,Commodity,Data Item,Domain,Domain Category,Value,CV (%)
2012,STATE,ALABAMA,1,HONEY,"HONEY, BEE COLONIES - INVENTORY, MEASURED IN COLONIES",TOTAL,NOT SPECIFIED,"11,628",10.9
2012,STATE,ALASKA,2,HONEY,"HONEY, BEE COLONIES - INVENTORY, MEASURED IN COLONIES",TOTAL,NOT SPECIFIED,546,2.9
2012,STATE,ARIZONA,4,HONEY,"HONEY, BEE COLONIES - INVENTORY, MEASURED IN COLONIES",TOTAL,NOT SPECIFIED,"58,461",53.3
2012,STATE,ARKANSAS,5,HONEY,"HONEY, BEE COLONIES - INVENTORY, MEASURED IN COLONIES",TOTAL,NOT SPECIFIED,"23,259",17.1
2012,STATE,CALIFORNIA,6,HONEY,"HONEY, BEE COLONIES - INVENTORY, MEASURED IN COLONIES",TOTAL,NOT SPECIFIED,"945,589",14.3
2012,STATE,COLORADO,8,HONEY,"HONEY, BEE COLONIES - INVENTORY, MEASURED IN COLONIES",TOTAL,NOT SPECIFIED,"34,813",32.9
2012,STATE,CONNECTICUT,9,HONEY,"HONEY, BEE COLONIES - INVENTORY, MEASURED IN COLONIES",TOTAL,NOT SPECIFIED,"5,639",31.8
2012,STATE,DELAWARE,10,HONEY,"HONEY, BEE COLONIES - INVENTORY, MEASURED IN COLONIES",TOTAL,NOT SPECIFIED,817,25.8
2012,STATE,FLORIDA,12,HONEY,"HONEY, BEE COLONIES - INVENTORY, MEASURED IN COLONIES",TOTAL,NOT SPECIFIED,"206,654",14
2012,STATE,GEORGIA,13,HONEY,"HONEY, BEE COLONIES - INVENTORY, MEASURED IN COLONIES",TOTAL,NOT SPECIFIED,"64,213",4.7
2012,STATE,HAWAII,15,HONEY,"HONEY, BEE COLONIES - INVENTORY, MEASURED IN COLONIES",TOTAL,NOT SPECIFIED,"8,630",3.4
2012,STATE,IDAHO,16,HONEY,"HONEY, BEE COLONIES - INVENTORY, MEASURED IN COLONIES",TOTAL,NOT SPECIFIED,"103,604",11.2
2012,STATE,ILLINOIS,17,HONEY,"HONEY, BEE COLONIES - INVENTORY, MEASURED IN COLONIES",TOTAL,NOT SPECIFIED,"10,043",17.3
2012,STATE,INDIANA,18,HONEY,"HONEY, BEE COLONIES - INVENTORY, MEASURED IN COLONIES",TOTAL,NOT SPECIFIED,"13,017",5.9
2012,STATE,IOWA,19,HONEY,"HONEY, BEE COLONIES - INVENTORY, MEASURED IN COLONIES",TOTAL,NOT SPECIFIED,"30,004",10.5
2012,STATE,KANSAS,20,HONEY,"HONEY, BEE COLONIES - INVENTORY, MEASURED IN COLONIES",TOTAL,NOT SPECIFIED,"10,726",36.5
2012,STATE,KENTUCKY,21,HONEY,"HONEY, BEE COLONIES - INVENTORY, MEASURED IN COLONIES",TOTAL,NOT SPECIFIED,"12,669",5.8
2012,STATE,LOUISIANA,22,HONEY,"HONEY, BEE COLONIES - INVENTORY, MEASURED IN COLONIES",TOTAL,NOT SPECIFIED,"34,905",43.5
2012,STATE,MAINE,23,HONEY,"HONEY, BEE COLONIES - INVENTORY, MEASURED IN COLONIES",TOTAL,NOT SPECIFIED,"14,456",58.8
2012,STATE,MARYLAND,24,HONEY,"HONEY, BEE COLONIES - INVENTORY, MEASURED IN COLONIES",TOTAL,NOT SPECIFIED,"7,892",9.1
2012,STATE,MASSACHUSETTS,25,HONEY,"HONEY, BEE COLONIES - INVENTORY, MEASURED IN COLONIES",TOTAL,NOT SPECIFIED,"4,666",33.9
2012,STATE,MICHIGAN,26,HONEY,"HONEY, BEE COLONIES - INVENTORY, MEASURED IN COLONIES",TOTAL,NOT SPECIFIED,"78,995",4.3
2012,STATE,MINNESOTA,27,HONEY,"HONEY, BEE COLONIES - INVENTORY, MEASURED IN COLONIES",TOTAL,NOT SPECIFIED,"101,424",2.7
2012,STATE,MISSISSIPPI,28,HONEY,"HONEY, BEE COLONIES - INVENTORY, MEASURED IN COLONIES",TOTAL,NOT SPECIFIED,"36,097",61
2012,STATE,MISSOURI,29,HONEY,"HONEY, BEE COLONIES - INVENTORY, MEASURED IN COLONIES",TOTAL,NOT SPECIFIED,"14,561",10.5
2012,STATE,MONTANA,30,HONEY,"HONEY, BEE COLONIES - INVENTORY, MEASURED IN COLONIES",TOTAL,NOT SPECIFIED,"119,002",16.8
2012,STATE,NEBRASKA,31,HONEY,"HONEY, BEE COLONIES - INVENTORY, MEASURED IN COLONIES",TOTAL,NOT SPECIFIED,"44,895",39.8
2012,STATE,NEVADA,32,HONEY,"HONEY, BEE COLONIES - INVENTORY, MEASURED IN COLONIES",TOTAL,NOT SPECIFIED,"10,182",42.5
2012,STATE,NEW HAMPSHIRE,33,HONEY,"HONEY, BEE COLONIES - INVENTORY, MEASURED IN COLONIES",TOTAL,NOT SPECIFIED,"2,912",34.6
2012,STATE,NEW JERSEY,34,HONEY,"HONEY, BEE COLONIES - INVENTORY, MEASURED IN COLONIES",TOTAL,NOT SPECIFIED,"13,298",6.2
2012,STATE,NEW MEXICO,35,HONEY,"HONEY, BEE COLONIES - INVENTORY, MEASURED IN COLONIES",TOTAL,NOT SPECIFIED,"15,088",35.9
2012,STATE,NEW YORK,36,HONEY,"HONEY, BEE COLONIES - INVENTORY, MEASURED IN COLONIES",TOTAL,NOT SPECIFIED,"70,557",3.8
2012,STATE,NORTH CAROLINA,37,HONEY,"HONEY, BEE COLONIES - INVENTORY, MEASURED IN COLONIES",TOTAL,NOT SPECIFIED,"24,225",13.3
2012,STATE,NORTH DAKOTA,38,HONEY,"HONEY, BEE COLONIES - INVENTORY, MEASURED IN COLONIES",TOTAL,NOT SPECIFIED,"370,480",17.3
2012,STATE,OHIO,39,HONEY,"HONEY, BEE COLONIES - INVENTORY, MEASURED IN COLONIES",TOTAL,NOT SPECIFIED,"21,398",11.2
2012,STATE,OKLAHOMA,40,HONEY,"HONEY, BEE COLONIES - INVENTORY, MEASURED IN COLONIES",TOTAL,NOT SPECIFIED,"21,011",74.9
2012,STATE,OREGON,41,HONEY,"HONEY, BEE COLONIES - INVENTORY, MEASURED IN COLONIES",TOTAL,NOT SPECIFIED,"82,190",8.5
2012,STATE,PENNSYLVANIA,42,HONEY,"HONEY, BEE COLONIES - INVENTORY, MEASURED IN COLONIES",TOTAL,NOT SPECIFIED,"32,023",9.8
2012,STATE,RHODE ISLAND,44,HONEY,"HONEY, BEE COLONIES - INVENTORY, MEASURED IN COLONIES",TOTAL,NOT SPECIFIED,739,28.4
2012,STATE,SOUTH CAROLINA,45,HONEY,"HONEY, BEE COLONIES - INVENTORY, MEASURED IN COLONIES",TOTAL,NOT SPECIFIED,"10,083",39.8
2012,STATE,SOUTH DAKOTA,46,HONEY,"HONEY, BEE COLONIES - INVENTORY, MEASURED IN COLONIES",TOTAL,NOT SPECIFIED,"210,447",4.8
2012,STATE,TENNESSEE,47,HONEY,"HONEY, BEE COLONIES - INVENTORY, MEASURED IN COLONIES",TOTAL,NOT SPECIFIED,"14,161",3.6
2012,STATE,TEXAS,48,HONEY,"HONEY, BEE COLONIES - INVENTORY, MEASURED IN COLONIES",TOTAL,NOT SPECIFIED,"136,830",29.2
2012,STATE,UTAH,49,HONEY,"HONEY, BEE COLONIES - INVENTORY, MEASURED IN COLONIES",TOTAL,NOT SPECIFIED,"26,083",3.1
2012,STATE,VERMONT,50,HONEY,"HONEY, BEE COLONIES - INVENTORY, MEASURED IN COLONIES",TOTAL,NOT SPECIFIED,"8,624",23.5
2012,STATE,VIRGINIA,51,HONEY,"HONEY, BEE COLONIES - INVENTORY, MEASURED IN COLONIES",TOTAL,NOT SPECIFIED,"14,334",9.3
2012,STATE,WASHINGTON,53,HONEY,"HONEY, BEE COLONIES - INVENTORY, MEASURED IN COLONIES",TOTAL,NOT SPECIFIED,"96,685",22.2
2012,STATE,WEST VIRGINIA,54,HONEY,"HONEY, BEE COLONIES - INVENTORY, MEASURED IN COLONIES",TOTAL,NOT SPECIFIED,"9,325",8.7
2012,STATE,WISCONSIN,55,HONEY,"HONEY, BEE COLONIES - INVENTORY, MEASURED IN COLONIES",TOTAL,NOT SPECIFIED,"49,661",3.7
2012,STATE,WYOMING,56,HONEY,"HONEY, BEE COLONIES - INVENTORY, MEASURED IN COLONIES",TOTAL,NOT SPECIFIED,"45,029",41.5
2007,STATE,ALABAMA,1,HONEY,"HONEY, BEE COLONIES - INVENTORY, MEASURED IN COLONIES",TOTAL,NOT SPECIFIED,"13,464",
2007,STATE,ALASKA,2,HONEY,"HONEY, BEE COLONIES - INVENTORY, MEASURED IN COLONIES",TOTAL,NOT SPECIFIED,337,
2007,STATE,ARIZONA,4,HONEY,"HONEY, BEE COLONIES - INVENTORY, MEASURED IN COLONIES",TOTAL,NOT SPECIFIED,"42,239",
2007,STATE,ARKANSAS,5,HONEY,"HONEY, BEE COLONIES - INVENTORY, MEASURED IN COLONIES",TOTAL,NOT SPECIFIED,"31,865",
2007,STATE,CALIFORNIA,6,HONEY,"HONEY, BEE COLONIES - INVENTORY, MEASURED IN COLONIES",TOTAL,NOT SPECIFIED,"655,817",
2007,STATE,COLORADO,8,HONEY,"HONEY, BEE COLONIES - INVENTORY, MEASURED IN COLONIES",TOTAL,NOT SPECIFIED,"33,201",
2007,STATE,CONNECTICUT,9,HONEY,"HONEY, BEE COLONIES - INVENTORY, MEASURED IN COLONIES",TOTAL,NOT SPECIFIED,"4,427",
2007,STATE,DELAWARE,10,HONEY,"HONEY, BEE COLONIES - INVENTORY, MEASURED IN COLONIES",TOTAL,NOT SPECIFIED,546,
2007,STATE,FLORIDA,12,HONEY,"HONEY, BEE COLONIES - INVENTORY, MEASURED IN COLONIES",TOTAL,NOT SPECIFIED,"158,905",
2007,STATE,GEORGIA,13,HONEY,"HONEY, BEE COLONIES - INVENTORY, MEASURED IN COLONIES",TOTAL,NOT SPECIFIED,"93,661",
2007,STATE,HAWAII,15,HONEY,"HONEY, BEE COLONIES - INVENTORY, MEASURED IN COLONIES",TOTAL,NOT SPECIFIED,"16,665",
2007,STATE,IDAHO,16,HONEY,"HONEY, BEE COLONIES - INVENTORY, MEASURED IN COLONIES",TOTAL,NOT SPECIFIED,"119,379",
2007,STATE,ILLINOIS,17,HONEY,"HONEY, BEE COLONIES - INVENTORY, MEASURED IN COLONIES",TOTAL,NOT SPECIFIED,"9,390",
2007,STATE,INDIANA,18,HONEY,"HONEY, BEE COLONIES - INVENTORY, MEASURED IN COLONIES",TOTAL,NOT SPECIFIED,"11,305",
2007,STATE,IOWA,19,HONEY,"HONEY, BEE COLONIES - INVENTORY, MEASURED IN COLONIES",TOTAL,NOT SPECIFIED,"29,110",
2007,STATE,KANSAS,20,HONEY,"HONEY, BEE COLONIES - INVENTORY, MEASURED IN COLONIES",TOTAL,NOT SPECIFIED,"11,977",
2007,STATE,KENTUCKY,21,HONEY,"HONEY, BEE COLONIES - INVENTORY, MEASURED IN COLONIES",TOTAL,NOT SPECIFIED,"10,796",
2007,STATE,LOUISIANA,22,HONEY,"HONEY, BEE COLONIES - INVENTORY, MEASURED IN COLONIES",TOTAL,NOT SPECIFIED,"37,422",
2007,STATE,MAINE,23,HONEY,"HONEY, BEE COLONIES - INVENTORY, MEASURED IN COLONIES",TOTAL,NOT SPECIFIED,"5,780",
2007,STATE,MARYLAND,24,HONEY,"HONEY, BEE COLONIES - INVENTORY, MEASURED IN COLONIES",TOTAL,NOT SPECIFIED,"6,444",
2007,STATE,MASSACHUSETTS,25,HONEY,"HONEY, BEE COLONIES - INVENTORY, MEASURED IN COLONIES",TOTAL,NOT SPECIFIED,"8,255",
2007,STATE,MICHIGAN,26,HONEY,"HONEY, BEE COLONIES - INVENTORY, MEASURED IN COLONIES",TOTAL,NOT SPECIFIED,"74,362",
2007,STATE,MINNESOTA,27,HONEY,"HONEY, BEE COLONIES - INVENTORY, MEASURED IN COLONIES",TOTAL,NOT SPECIFIED,"113,448",
2007,STATE,MISSISSIPPI,28,HONEY,"HONEY, BEE COLONIES - INVENTORY, MEASURED IN COLONIES",TOTAL,NOT SPECIFIED,"22,032",
2007,STATE,MISSOURI,29,HONEY,"HONEY, BEE COLONIES - INVENTORY, MEASURED IN COLONIES",TOTAL,NOT SPECIFIED,"21,372",
2007,STATE,MONTANA,30,HONEY,"HONEY, BEE COLONIES - INVENTORY, MEASURED IN COLONIES",TOTAL,NOT SPECIFIED,"110,389",
2007,STATE,NEBRASKA,31,HONEY,"HONEY, BEE COLONIES - INVENTORY, MEASURED IN COLONIES",TOTAL,NOT SPECIFIED,"36,666",
2007,STATE,NEVADA,32,HONEY,"HONEY, BEE COLONIES - INVENTORY, MEASURED IN COLONIES",TOTAL,NOT SPECIFIED,991,
2007,STATE,NEW HAMPSHIRE,33,HONEY,"HONEY, BEE COLONIES - INVENTORY, MEASURED IN COLONIES",TOTAL,NOT SPECIFIED,"1,901",
2007,STATE,NEW JERSEY,34,HONEY,"HONEY, BEE COLONIES - INVENTORY, MEASURED IN COLONIES",TOTAL,NOT SPECIFIED,"10,926",
2007,STATE,NEW MEXICO,35,HONEY,"HONEY, BEE COLONIES - INVENTORY, MEASURED IN COLONIES",TOTAL,NOT SPECIFIED,"11,511",
2007,STATE,NEW YORK,36,HONEY,"HONEY, BEE COLONIES - INVENTORY, MEASURED IN COLONIES",TOTAL,NOT SPECIFIED,"46,401",
2007,STATE,NORTH CAROLINA,37,HONEY,"HONEY, BEE COLONIES - INVENTORY, MEASURED IN COLONIES",TOTAL,NOT SPECIFIED,"31,768",
2007,STATE,NORTH DAKOTA,38,HONEY,"HONEY, BEE COLONIES - INVENTORY, MEASURED IN COLONIES",TOTAL,NOT SPECIFIED,"390,421",
2007,STATE,OHIO,39,HONEY,"HONEY, BEE COLONIES - INVENTORY, MEASURED IN COLONIES",TOTAL,NOT SPECIFIED,"22,030",
2007,STATE,OKLAHOMA,40,HONEY,"HONEY, BEE COLONIES - INVENTORY, MEASURED IN COLONIES",TOTAL,NOT SPECIFIED,"6,457",
2007,STATE,OREGON,41,HONEY,"HONEY, BEE COLONIES - INVENTORY, MEASURED IN COLONIES",TOTAL,NOT SPECIFIED,"52,688",
2007,STATE,PENNSYLVANIA,42,HONEY,"HONEY, BEE COLONIES - INVENTORY, MEASURED IN COLONIES",TOTAL,NOT SPECIFIED,"35,979",
2007,STATE,RHODE ISLAND,44,HONEY,"HONEY, BEE COLONIES - INVENTORY, MEASURED IN COLONIES",TOTAL,NOT SPECIFIED,419,
2007,STATE,SOUTH CAROLINA,45,HONEY,"HONEY, BEE COLONIES - INVENTORY, MEASURED IN COLONIES",TOTAL,NOT SPECIFIED,"7,009",
2007,STATE,SOUTH DAKOTA,46,HONEY,"HONEY, BEE COLONIES - INVENTORY, MEASURED IN COLONIES",TOTAL,NOT SPECIFIED,"230,075",
2007,STATE,TENNESSEE,47,HONEY,"HONEY, BEE COLONIES - INVENTORY, MEASURED IN COLONIES",TOTAL,NOT SPECIFIED,"12,614",
2007,STATE,TEXAS,48,HONEY,"HONEY, BEE COLONIES - INVENTORY, MEASURED IN COLONIES",TOTAL,NOT SPECIFIED,"128,064",
2007,STATE,UTAH,49,HONEY,"HONEY, BEE COLONIES - INVENTORY, MEASURED IN COLONIES",TOTAL,NOT SPECIFIED,"28,778",
2007,STATE,VERMONT,50,HONEY,"HONEY, BEE COLONIES - INVENTORY, MEASURED IN COLONIES",TOTAL,NOT SPECIFIED,"7,632",
2007,STATE,VIRGINIA,51,HONEY,"HONEY, BEE COLONIES - INVENTORY, MEASURED IN COLONIES",TOTAL,NOT SPECIFIED,"10,822",
2007,STATE,WASHINGTON,53,HONEY,"HONEY, BEE COLONIES - INVENTORY, MEASURED IN COLONIES",TOTAL,NOT SPECIFIED,"83,170",
2007,STATE,WEST VIRGINIA,54,HONEY,"HONEY, BEE COLONIES - INVENTORY, MEASURED IN COLONIES",TOTAL,NOT SPECIFIED,"10,701",
2007,STATE,WISCONSIN,55,HONEY,"HONEY, BEE COLONIES - INVENTORY, MEASURED IN COLONIES",TOTAL,NOT SPECIFIED,"47,488",
2007,STATE,WYOMING,56,HONEY,"HONEY, BEE COLONIES - INVENTORY, MEASURED IN COLONIES",TOTAL,NOT SPECIFIED,"45,633",
2002,STATE,ALABAMA,1,HONEY,"HONEY, BEE COLONIES - INVENTORY, MEASURED IN COLONIES",TOTAL,NOT SPECIFIED,"19,592",
2002,STATE,ALASKA,2,HONEY,"HONEY, BEE COLONIES - INVENTORY, MEASURED IN COLONIES",TOTAL,NOT SPECIFIED,94,
2002,STATE,ARIZONA,4,HONEY,"HONEY, BEE COLONIES - INVENTORY, MEASURED IN COLONIES",TOTAL,NOT SPECIFIED,"38,864",
2002,STATE,ARKANSAS,5,HONEY,"HONEY, BEE COLONIES - INVENTORY, MEASURED IN COLONIES",TOTAL,NOT SPECIFIED,"38,924",
2002,STATE,CALIFORNIA,6,HONEY,"HONEY, BEE COLONIES - INVENTORY, MEASURED IN COLONIES",TOTAL,NOT SPECIFIED,"484,510",
2002,STATE,COLORADO,8,HONEY,"HONEY, BEE COLONIES - INVENTORY, MEASURED IN COLONIES",TOTAL,NOT SPECIFIED,"26,463",
2002,STATE,CONNECTICUT,9,HONEY,"HONEY, BEE COLONIES - INVENTORY, MEASURED IN COLONIES",TOTAL,NOT SPECIFIED,"4,071",
2002,STATE,DELAWARE,10,HONEY,"HONEY, BEE COLONIES - INVENTORY, MEASURED IN COLONIES",TOTAL,NOT SPECIFIED,452,
2002,STATE,FLORIDA,12,HONEY,"HONEY, BEE COLONIES - INVENTORY, MEASURED IN COLONIES",TOTAL,NOT SPECIFIED,"226,332",
2002,STATE,GEORGIA,13,HONEY,"HONEY, BEE COLONIES - INVENTORY, MEASURED IN COLONIES",TOTAL,NOT SPECIFIED,"68,345",
2002,STATE,HAWAII,15,HONEY,"HONEY, BEE COLONIES - INVENTORY, MEASURED IN COLONIES",TOTAL,NOT SPECIFIED,"14,365",
2002,STATE,IDAHO,16,HONEY,"HONEY, BEE COLONIES - INVENTORY, MEASURED IN COLONIES",TOTAL,NOT SPECIFIED,"92,555",
2002,STATE,ILLINOIS,17,HONEY,"HONEY, BEE COLONIES - INVENTORY, MEASURED IN COLONIES",TOTAL,NOT SPECIFIED,"5,245",
2002,STATE,INDIANA,18,HONEY,"HONEY, BEE COLONIES - INVENTORY, MEASURED IN COLONIES",TOTAL,NOT SPECIFIED,"9,996",
2002,STATE,IOWA,19,HONEY,"HONEY, BEE COLONIES - INVENTORY, MEASURED IN COLONIES",TOTAL,NOT SPECIFIED,"30,641",
2002,STATE,KANSAS,20,HONEY,"HONEY, BEE COLONIES - INVENTORY, MEASURED IN COLONIES",TOTAL,NOT SPECIFIED,"15,035",
2002,STATE,KENTUCKY,21,HONEY,"HONEY, BEE COLONIES - INVENTORY, MEASURED IN COLONIES",TOTAL,NOT SPECIFIED,"6,850",
2002,STATE,LOUISIANA,22,HONEY,"HONEY, BEE COLONIES - INVENTORY, MEASURED IN COLONIES",TOTAL,NOT SPECIFIED,"29,990",
2002,STATE,MAINE,23,HONEY,"HONEY, BEE COLONIES - INVENTORY, MEASURED IN COLONIES",TOTAL,NOT SPECIFIED,"7,098",
2002,STATE,MARYLAND,24,HONEY,"HONEY, BEE COLONIES - INVENTORY, MEASURED IN COLONIES",TOTAL,NOT SPECIFIED,"6,568",
2002,STATE,MASSACHUSETTS,25,HONEY,"HONEY, BEE COLONIES - INVENTORY, MEASURED IN COLONIES",TOTAL,NOT SPECIFIED,"2,966",
2002,STATE,MICHIGAN,26,HONEY,"HONEY, BEE COLONIES - INVENTORY, MEASURED IN COLONIES",TOTAL,NOT SPECIFIED,"79,341",
2002,STATE,MINNESOTA,27,HONEY,"HONEY, BEE COLONIES - INVENTORY, MEASURED IN COLONIES",TOTAL,NOT SPECIFIED,"97,725",
2002,STATE,MISSISSIPPI,28,HONEY,"HONEY, BEE COLONIES - INVENTORY, MEASURED IN COLONIES",TOTAL,NOT SPECIFIED,"11,624",
2002,STATE,MISSOURI,29,HONEY,"HONEY, BEE COLONIES - INVENTORY, MEASURED IN COLONIES",TOTAL,NOT SPECIFIED,"21,333",
2002,STATE,MONTANA,30,HONEY,"HONEY, BEE COLONIES - INVENTORY, MEASURED IN COLONIES",TOTAL,NOT SPECIFIED,"108,617",
2002,STATE,NEBRASKA,31,HONEY,"HONEY, BEE COLONIES - INVENTORY, MEASURED IN COLONIES",TOTAL,NOT SPECIFIED,"39,922",
2002,STATE,NEVADA,32,HONEY,"HONEY, BEE COLONIES - INVENTORY, MEASURED IN COLONIES",TOTAL,NOT SPECIFIED,678,
2002,STATE,NEW HAMPSHIRE,33,HONEY,"HONEY, BEE COLONIES - INVENTORY, MEASURED IN COLONIES",TOTAL,NOT SPECIFIED,"1,902",
2002,STATE,NEW JERSEY,34,HONEY,"HONEY, BEE COLONIES - INVENTORY, MEASURED IN COLONIES",TOTAL,NOT SPECIFIED,"11,527",
2002,STATE,NEW MEXICO,35,HONEY,"HONEY, BEE COLONIES - INVENTORY, MEASURED IN COLONIES",TOTAL,NOT SPECIFIED,"10,367",
2002,STATE,NEW YORK,36,HONEY,"HONEY, BEE COLONIES - INVENTORY, MEASURED IN COLONIES",TOTAL,NOT SPECIFIED,"45,850",
2002,STATE,NORTH CAROLINA,37,HONEY,"HONEY, BEE COLONIES - INVENTORY, MEASURED IN COLONIES",TOTAL,NOT SPECIFIED,"15,478",
2002,STATE,NORTH DAKOTA,38,HONEY,"HONEY, BEE COLONIES - INVENTORY, MEASURED IN COLONIES",TOTAL,NOT SPECIFIED,"160,946",
2002,STATE,OHIO,39,HONEY,"HONEY, BEE COLONIES - INVENTORY, MEASURED IN COLONIES",TOTAL,NOT SPECIFIED,"24,605",
2002,STATE,OKLAHOMA,40,HONEY,"HONEY, BEE COLONIES - INVENTORY, MEASURED IN COLONIES",TOTAL,NOT SPECIFIED,"6,275",
2002,STATE,OREGON,41,HONEY,"HONEY, BEE COLONIES - INVENTORY, MEASURED IN COLONIES",TOTAL,NOT SPECIFIED,"47,563",
2002,STATE,PENNSYLVANIA,42,HONEY,"HONEY, BEE COLONIES - INVENTORY, MEASURED IN COLONIES",TOTAL,NOT SPECIFIED,"38,481",
2002,STATE,RHODE ISLAND,44,HONEY,"HONEY, BEE COLONIES - INVENTORY, MEASURED IN COLONIES",TOTAL,NOT SPECIFIED,520,
2002,STATE,SOUTH CAROLINA,45,HONEY,"HONEY, BEE COLONIES - INVENTORY, MEASURED IN COLONIES",TOTAL,NOT SPECIFIED,"4,400",
2002,STATE,SOUTH DAKOTA,46,HONEY,"HONEY, BEE COLONIES - INVENTORY, MEASURED IN COLONIES",TOTAL,NOT SPECIFIED,"164,114",
2002,STATE,TENNESSEE,47,HONEY,"HONEY, BEE COLONIES - INVENTORY, MEASURED IN COLONIES",TOTAL,NOT SPECIFIED,"12,446",
2002,STATE,TEXAS,48,HONEY,"HONEY, BEE COLONIES - INVENTORY, MEASURED IN COLONIES",TOTAL,NOT SPECIFIED,"113,092",
2002,STATE,UTAH,49,HONEY,"HONEY, BEE COLONIES - INVENTORY, MEASURED IN COLONIES",TOTAL,NOT SPECIFIED,"18,195",
2002,STATE,VERMONT,50,HONEY,"HONEY, BEE COLONIES - INVENTORY, MEASURED IN COLONIES",TOTAL,NOT SPECIFIED,"7,412",
2002,STATE,VIRGINIA,51,HONEY,"HONEY, BEE COLONIES - INVENTORY, MEASURED IN COLONIES",TOTAL,NOT SPECIFIED,"12,594",
2002,STATE,WASHINGTON,53,HONEY,"HONEY, BEE COLONIES - INVENTORY, MEASURED IN COLONIES",TOTAL,NOT SPECIFIED,"67,909",
2002,STATE,WEST VIRGINIA,54,HONEY,"HONEY, BEE COLONIES - INVENTORY, MEASURED IN COLONIES",TOTAL,NOT SPECIFIED,"7,423",
2002,STATE,WISCONSIN,55,HONEY,"HONEY, BEE COLONIES - INVENTORY, MEASURED IN COLONIES",TOTAL,NOT SPECIFIED,"59,434",
2002,STATE,WYOMING,56,HONEY,"HONEY, BEE COLONIES - INVENTORY, MEASURED IN COLONIES",TOTAL,NOT SPECIFIED,"31,276",
1997,STATE,ALABAMA,1,HONEY,"HONEY, BEE COLONIES - INVENTORY, MEASURED IN COLONIES",TOTAL,NOT SPECIFIED,"19,025",
1997,STATE,ALASKA,2,HONEY,"HONEY, BEE COLONIES - INVENTORY, MEASURED IN COLONIES",TOTAL,NOT SPECIFIED,149,
1997,STATE,ARIZONA,4,HONEY,"HONEY, BEE COLONIES - INVENTORY, MEASURED IN COLONIES",TOTAL,NOT SPECIFIED,"51,458",
1997,STATE,ARKANSAS,5,HONEY,"HONEY, BEE COLONIES - INVENTORY, MEASURED IN COLONIES",TOTAL,NOT SPECIFIED,"27,804",
1997,STATE,CALIFORNIA,6,HONEY,"HONEY, BEE COLONIES - INVENTORY, MEASURED IN COLONIES",TOTAL,NOT SPECIFIED,"451,739",
1997,STATE,COLORADO,8,HONEY,"HONEY, BEE COLONIES - INVENTORY, MEASURED IN COLONIES",TOTAL,NOT SPECIFIED,"25,892",
1997,STATE,CONNECTICUT,9,HONEY,"HONEY, BEE COLONIES - INVENTORY, MEASURED IN COLONIES",TOTAL,NOT SPECIFIED,"2,473",
1997,STATE,DELAWARE,10,HONEY,"HONEY, BEE COLONIES - INVENTORY, MEASURED IN COLONIES",TOTAL,NOT SPECIFIED,"1,304",
1997,STATE,FLORIDA,12,HONEY,"HONEY, BEE COLONIES - INVENTORY, MEASURED IN COLONIES",TOTAL,NOT SPECIFIED,"271,052",
1997,STATE,GEORGIA,13,HONEY,"HONEY, BEE COLONIES - INVENTORY, MEASURED IN COLONIES",TOTAL,NOT SPECIFIED,"70,008",
1997,STATE,HAWAII,15,HONEY,"HONEY, BEE COLONIES - INVENTORY, MEASURED IN COLONIES",TOTAL,NOT SPECIFIED,"11,831",
1997,STATE,IDAHO,16,HONEY,"HONEY, BEE COLONIES - INVENTORY, MEASURED IN COLONIES",TOTAL,NOT SPECIFIED,"120,283",
1997,STATE,ILLINOIS,17,HONEY,"HONEY, BEE COLONIES - INVENTORY, MEASURED IN COLONIES",TOTAL,NOT SPECIFIED,"8,249",
1997,STATE,INDIANA,18,HONEY,"HONEY, BEE COLONIES - INVENTORY, MEASURED IN COLONIES",TOTAL,NOT SPECIFIED,"10,150",
1997,STATE,IOWA,19,HONEY,"HONEY, BEE COLONIES - INVENTORY, MEASURED IN COLONIES",TOTAL,NOT SPECIFIED,"38,322",
1997,STATE,KANSAS,20,HONEY,"HONEY, BEE COLONIES - INVENTORY, MEASURED IN COLONIES",TOTAL,NOT SPECIFIED,"26,862",
1997,STATE,KENTUCKY,21,HONEY,"HONEY, BEE COLONIES - INVENTORY, MEASURED IN COLONIES",TOTAL,NOT SPECIFIED,"4,401",
1997,STATE,LOUISIANA,22,HONEY,"HONEY, BEE COLONIES - INVENTORY, MEASURED IN COLONIES",TOTAL,NOT SPECIFIED,"31,464",
1997,STATE,MAINE,23,HONEY,"HONEY, BEE COLONIES - INVENTORY, MEASURED IN COLONIES",TOTAL,NOT SPECIFIED,"6,144",
1997,STATE,MARYLAND,24,HONEY,"HONEY, BEE COLONIES - INVENTORY, MEASURED IN COLONIES",TOTAL,NOT SPECIFIED,"5,454",
1997,STATE,MASSACHUSETTS,25,HONEY,"HONEY, BEE COLONIES - INVENTORY, MEASURED IN COLONIES",TOTAL,NOT SPECIFIED,"7,267",
1997,STATE,MICHIGAN,26,HONEY,"HONEY, BEE COLONIES - INVENTORY, MEASURED IN COLONIES",TOTAL,NOT SPECIFIED,"78,331",
1997,STATE,MINNESOTA,27,HONEY,"HONEY, BEE COLONIES - INVENTORY, MEASURED IN COLONIES",TOTAL,NOT SPECIFIED,"134,857",
1997,STATE,MISSISSIPPI,28,HONEY,"HONEY, BEE COLONIES - INVENTORY, MEASURED IN COLONIES",TOTAL,NOT SPECIFIED,"21,807",
1997,STATE,MISSOURI,29,HONEY,"HONEY, BEE COLONIES - INVENTORY, MEASURED IN COLONIES",TOTAL,NOT SPECIFIED,"19,847",
1997,STATE,MONTANA,30,HONEY,"HONEY, BEE COLONIES - INVENTORY, MEASURED IN COLONIES",TOTAL,NOT SPECIFIED,"96,368",
1997,STATE,NEBRASKA,31,HONEY,"HONEY, BEE COLONIES - INVENTORY, MEASURED IN COLONIES",TOTAL,NOT SPECIFIED,"49,509",
1997,STATE,NEVADA,32,HONEY,"HONEY, BEE COLONIES - INVENTORY, MEASURED IN COLONIES",TOTAL,NOT SPECIFIED,"1,519",
1997,STATE,NEW HAMPSHIRE,33,HONEY,"HONEY, BEE COLONIES - INVENTORY, MEASURED IN COLONIES",TOTAL,NOT SPECIFIED,"2,136",
1997,STATE,NEW JERSEY,34,HONEY,"HONEY, BEE COLONIES - INVENTORY, MEASURED IN COLONIES",TOTAL,NOT SPECIFIED,"11,982",
1997,STATE,NEW MEXICO,35,HONEY,"HONEY, BEE COLONIES - INVENTORY, MEASURED IN COLONIES",TOTAL,NOT SPECIFIED,"12,546",
1997,STATE,NEW YORK,36,HONEY,"HONEY, BEE COLONIES - INVENTORY, MEASURED IN COLONIES",TOTAL,NOT SPECIFIED,"57,840",
1997,STATE,NORTH CAROLINA,37,HONEY,"HONEY, BEE COLONIES - INVENTORY, MEASURED IN COLONIES",TOTAL,NOT SPECIFIED,"11,949",
1997,STATE,NORTH DAKOTA,38,HONEY,"HONEY, BEE COLONIES - INVENTORY, MEASURED IN COLONIES",TOTAL,NOT SPECIFIED,"126,520",
1997,STATE,OHIO,39,HONEY,"HONEY, BEE COLONIES - INVENTORY, MEASURED IN COLONIES",TOTAL,NOT SPECIFIED,"25,176",
1997,STATE,OKLAHOMA,40,HONEY,"HONEY, BEE COLONIES - INVENTORY, MEASURED IN COLONIES",TOTAL,NOT SPECIFIED,"4,897",
1997,STATE,OREGON,41,HONEY,"HONEY, BEE COLONIES - INVENTORY, MEASURED IN COLONIES",TOTAL,NOT SPECIFIED,"53,953",
1997,STATE,PENNSYLVANIA,42,HONEY,"HONEY, BEE COLONIES - INVENTORY, MEASURED IN COLONIES",TOTAL,NOT SPECIFIED,"28,758",
1997,STATE,RHODE ISLAND,44,HONEY,"HONEY, BEE COLONIES - INVENTORY, MEASURED IN COLONIES",TOTAL,NOT SPECIFIED,303,
1997,STATE,SOUTH CAROLINA,45,HONEY,"HONEY, BEE COLONIES - INVENTORY, MEASURED IN COLONIES",TOTAL,NOT SPECIFIED,"8,621",
1997,STATE,SOUTH DAKOTA,46,HONEY,"HONEY, BEE COLONIES - INVENTORY, MEASURED IN COLONIES",TOTAL,NOT SPECIFIED,"219,901",
1997,STATE,TENNESSEE,47,HONEY,"HONEY, BEE COLONIES - INVENTORY, MEASURED IN COLONIES",TOTAL,NOT SPECIFIED,"11,794",
1997,STATE,TEXAS,48,HONEY,"HONEY, BEE COLONIES - INVENTORY, MEASURED IN COLONIES",TOTAL,NOT SPECIFIED,"111,413",
1997,STATE,UTAH,49,HONEY,"HONEY, BEE COLONIES - INVENTORY, MEASURED IN COLONIES",TOTAL,NOT SPECIFIED,"32,504",
1997,STATE,VERMONT,50,HONEY,"HONEY, BEE COLONIES - INVENTORY, MEASURED IN COLONIES",TOTAL,NOT SPECIFIED,"5,365",
1997,STATE,VIRGINIA,51,HONEY,"HONEY, BEE COLONIES - INVENTORY, MEASURED IN COLONIES",TOTAL,NOT SPECIFIED,"10,841",
1997,STATE,WASHINGTON,53,HONEY,"HONEY, BEE COLONIES - INVENTORY, MEASURED IN COLONIES",TOTAL,NOT SPECIFIED,"80,201",
1997,STATE,WEST VIRGINIA,54,HONEY,"HONEY, BEE COLONIES - INVENTORY, MEASURED IN COLONIES",TOTAL,NOT SPECIFIED,"6,231",
1997,STATE,WISCONSIN,55,HONEY,"HONEY, BEE COLONIES - INVENTORY, MEASURED IN COLONIES",TOTAL,NOT SPECIFIED,"69,893",
1997,STATE,WYOMING,56,HONEY,"HONEY, BEE COLONIES - INVENTORY, MEASURED IN COLONIES",TOTAL,NOT SPECIFIED,"32,569",
